Workbook

Sheet Overview & Scores
B2: Infection Control Audit
B4: Service Name: | D4: Date Completed: | F4: Completed By:
B7: Section | C7: Area | D7: Area Score
B8: 1 | C8: Management | D8: ='1'!E18 -> 0 | F8: Scores 85% and above in all sections are compliant.
B9: 2 | C9: Environmental Cleaning | D9: ='2'!E19 -> 0
B10: 3 | C10: Sluice | D10: ='3'!E15 -> 0 | F10: Scores between 76% and 84% are partially compliant in all sections.
B11: 4 | C11: Medication Room | D11: ='4'!E14 -> 0
B12: 5 | C12: Bedrooms | D12: ='5'!E21 -> 0 | F12: Scores 75% or below are non-compliant.
B13: 6 | C13: Bathrooms and Toilets | D13: ='6'!E19 -> 0
B14: 7 | C14: Hand Hygiene | D14: ='7'!E15 -> 0
B15: 8 | C15: Personal Protective Equipment | D15: ='8'!E14 -> 0
B16: 9 | C16: Management of Sharps | D16: ='9'!E17 -> 0
B17: 10 | C17: Management of Blood and Body Fluid Spills | D17: ='10'!E16 -> 0
B18: 11 | C18: Decontamination of Equipment | D18: ='11'!E14 -> 0
B19: 12 | C19: Management of Laundry | D19: ='12'!E20 -> 0
B20: 13 | C20: Waste Management | D20: ='13'!E13 -> 0
B21: 14 | C21: Outbreaks | D21: ='14'!E14 -> 0
B22: Overall Score | D22: =AVERAGE(D8:D21) -> 0
B25: Action Plan
B26: For any issues/areas of non-compliance identified, please ensure the Action Plan tab is completed. Actions should be signed off when complete and reviewed after completion to assess if they have fully resolved the issue/resulted in improvements.

Sheet 1
A1: Overview & Scores
C3: 1. Management
C4: Section | D4: Criteria | E4: Yes / No / NA | F4: Comments
C5: 1.1 | D5: All staff know how to contact the Health Protection Agency.
C6: 1.2 | D6: Supported Adults and staff with infections monitored monthly.
C7: 1.3 | D7: Hand washing audits are carried out regularly.
C8: 1.4 | D8: A risk assessment has been completed for the control and management of Legionella according to HSE 2013 Legionnaires' Disease: The control of legionella bacteria in water systems and is in date. | F8: Review Date:
C9: 1.5 | D9: There is an identified link person(s) for infection control in the Service.
C10: 1.6 | D10: Staff who come in contact with blood and body fluids have been immunised against Hep B. (Records are available) and those who refuse risk assessment is completed.
C11: 1.7 | D11: Infection control induction training is available to all staff.
C12: 1.8 | D12: Staff receive annual infection control update training and records available. | F12: Provided by: Completion Percentage:
C13: 1.9 | D13: Staff and Supported Adults to be immunised with the Influenza vaccine.
C14: 1.1 | D14: Information on infectious diseases to be available for Supported Adults and their visitors.
C15: 1.11 | D15: Care plan available for Supported Adults with infectious diseases e.g. multi-drug resistant organisms.
C16: 1.12 | D16: Care plans available for Supported Adults who have any indwelling invasive devices e.g. urinary catheters, PEG tubes.
C17: Score | E17: =SUM(COUNTIF(E4:E16,{"yes","na"})) -> 0
C18: Overall % | E18: =E17/12 -> 0

Sheet 2
A1: Overview & Scores
C3: 2. Environmental Cleaning
C4: Section | D4: Criteria | E4: Yes / No / NA | F4: Comments
C5: 2.1 | D5: All communal areas are visibly clean and dust free. (Including high and low surfaces)
C6: 2.2 | D6: The establishment is free of unpleasant odours.
C7: 2.3 | D7: All areas are free of clutter.
C8: 2.4 | D8: All Supported Adults seating is upholstered in materials that are impermeable to fluids and is intact with no rips or tears.
C9: 2.5 | D9: Furniture, fixtures, and fittings are visibly clean with no body substances, dust, dirt or debris. (Remember to check under chair pads)
C10: 2.6 | D10: Cleanliness is audited regularly by manager and actioned. (Check records and ensure any identified actions are updated/signed off)
C11: 2.7 | D11: The cleaners room is kept clean, tidy, uncluttered, and is dedicated for this purpose only.
C12: 2.8 | D12: There is a procedure in place for regular decontamination of blinds/ curtains. Curtains/ blinds are visibly clean and free from stains.
C13: 2.9 | D13: The floor (including edges and corners) are visibly clean with no visible body substances, dust, dirt, or debris.
C14: 2.1 | D14: There is a programme of routine cleaning of all areas, including cleaning frequencies. (Cleaning schedules checked and seen to be completed appropriately)
C15: 2.11 | D15: Cleaning equipment is colour coded in accordance to National Guidance with evidence seen to show this is being utilised. (Check National colour coding poster is also on display)
C16: 2.12 | D16: Mops and buckets are stored dry/inverted
C17: 2.13 | D17: Mop heads are machine-washed weekly. Disposable mop heads are changed weekly.
C18: Score | E18: =SUM(COUNTIF(E5:E17,{"yes","na"})) -> 0
C19: Overall % | E19: =E18/13 -> 0

Sheet 3
A1: Overview & Scores
C3: 3. Sluice
C4: Section | D4: Criteria | E4: Yes / No / NA | F4: Comments
C5: 3.1 | D5: All communal areas are visibly clean and dust free. (Including high and low surfaces)
C6: 3.2 | D6: All areas are free of clutter.
C7: 3.3 | D7: The floor (including edges and corners) are visibly clean with no visible body substances, dust, dirt, or debris.
C8: 3.4 | D8: The walls, sink, grouting, and splashbacks are intact and visibly clean.
C9: 3.5 | D9: The hand wash basins, and taps are clean and in a good state of repair.
C10: 3.6 | D10: There is a designated hand wash sink in the Treatment room.
C11: 3.7 | D11: All equipment is stored correctly, and there are no inappropriate items in the sluice room.
C12: 3.8 | D12: There are appropriate waste bins for the disposal of household waste and clinical waste.
C13: 3.9 | D13: There is a BED PAN WASHER which is clean, in working order and is correctly maintained.
C14: Score | E14: {=SUM(COUNTIF(E5:E13,{"yes","na"}))} -> 0
C15: Overall % | E15: =E14/9 -> 0

Sheet 4
A1: Overview & Scores
C3: 4. Medication Room
C4: Section | D4: Criteria | E4: Yes / No / NA | F4: Comments
C5: 4.1 | D5: All communal areas are visibly clean and dust free. (Including high and low surfaces)
C6: 4.2 | D6: All areas are free of clutter.
C7: 4.3 | D7: The floor (including edges and corners) are visibly clean with no visible body substances, dust, dirt, or debris.
C8: 4.4 | D8: The walls, sink, grouting, and splashbacks are intact and visibly clean.
C9: 4.5 | D9: There is a designated hand wash sink, which is in a good state of repair and clean.
C10: 4.6 | D10: There are no inappropriate items stored in the medical fridge.
C11: 4.7 | D11: All medical items are stored correctly and not at floor level.
C12: 4.8 | D12: There are appropriate waste bins for the disposal of household waste and clinical waste.
C13: Score | E13: =SUM(COUNTIF(E5:E12,{"yes","na"})) -> 0
C14: Overall % | E14: =E13/8 -> 0

Sheet 5
A1: Overview & Scores
C3: 5. Bedrooms
C4: Section | D4: Criteria | E4: Yes / No / NA | F4: Comments
C5: 5.1 | D5: Fixtures and fittings are visibly clean with no body substances, dust, dirt, or debris.
C6: 5.2 | D6: Bed frames and side rails are clean, and free from stains.
C7: 5.3 | D7: Mattresses and covers are in good condition. All mattresses have passed mattress test. (Check records available)
C8: 5.4 | D8: Furniture such as lockers, wardrobes, bedside tables, and chairs are visibly clean.
C9: 5.5 | D9: All surfaces at high and low level are clean and free from dust and debris.
C10: 5.6 | D10: The floor (including edges and corners) are visibly clean with no visible body substances, dust, dirt, or debris.
C11: 5.7 | D11: Taps and hand wash basins are clean.
C12: 5.8 | D12: Clients have individual towels and toiletries.
C13: 5.9 | D13: Medical equipment devices is stored appropriately e.g. off the floor, in an appropriate cupboard or storage box.
D14: Ensuite Rooms -
C15: 5.1 | D15: Floors are covered in washable flooring and is clean, and intact.
C16: 5.11 | D16: Walls, tiles, and grouting are clean and in tact.
C17: 5.12 | D17: En-suites are free from clutter and inappropriate items.
C18: 5.13 | D18: Toilets are clean, and free from stains and limescale.
C19: 5.14 | D19: Toilet brushes and holders are clean and free from debris.
C20: Score | E20: =SUM(COUNTIF(E5:E19,{"yes","na"})) -> 0
C21: Overall % | E21: =E20/14 -> 0

Sheet 6
A1: Overview & Scores
C3: 6. Bathrooms and Toilets (including staff/visitor toilets)
C4: Section | D4: Criteria | E4: Yes / No / NA | F4: Comments
C5: 6.1 | D5: There is equipment to clean the bath(s) between uses, and it is stored correctly.
C6: 6.2 | D6: There is a hand wash sink present in each bathroom/toilet which is clean and in good state of repair.
C7: 6.3 | D7: Paper towels and liquid soap are available in wall mounted dispensers in each bathroom, and dispensers are visibly clean.
C8: 6.4 | D8: Appropriate waste bins are available. (Domestic and Offensive)
C9: 6.5 | D9: The walls, sink, grouting, and splashbacks are intact and visibly clean.
C10: 6.6 | D10: Bath mats/rubber mats stored clean and dry.
C11: 6.7 | D11: No inappropriate items stored in bathroom. (Linen, commodes, communal items etc)
C12: 6.8 | D12: Bath and bath hoist cleaned after each use. (Remember to check under chair)
C13: 6.9 | D13: Toilet basins are visibly clean with no body substances, dust, limescale stains, deposits, or smears, and toilet seat free from cracks or chips.
C14: 6.1 | D14: Shower chairs and raised toilet seats are visibly clean. (Remember to check underside)
C15: 6.11 | D15: Toilet brush and holders are clean and free from debris.
C16: 6.12 | D16: Floor is completely impermeable (i.e. no carpets and edges are sealed.)
C17: 6.13 | D17: Residents are offered hand hygiene after using the toilet.
C18: Score | E18: =SUM(COUNTIF(E5:E17,{"yes","na"})) -> 0
C19: Overall % | E19: =E18/13 -> 0

Sheet 7
A1: Overview & Scores
C3: 7. Hand Hygiene
C4: Section | D4: Criteria | E4: Yes / No / NA | F4: Comments
C5: 7.1 | D5: Staff have access to a the services Hand Hygiene Policy.
C6: 7.2 | D6: There is provision for staff to carry out hand hygiene in each residents room. (i.e. liquid soap and paper towels in wall mounted dispensers)
C7: 7.3 | D7: The handwash basins, taps, grouting, and splashbacks are clean and in a good state of repair.
C8: 7.4 | D8: Staff have access to alcohol hand gel (bottles or dispensers) and know when and how to use it. (Randomly question members of staff)
C9: 7.5 | D9: Staff are bare below the elbows at all times. (i.e. NO bracelets, watches, stoned rings, wearing nail varnish, nail extensions or gel nails - Exception 1 plain wedding band)
C10: 7.6 | D10: There are facilities available for all visitors to perform hand hygiene.
C11: 7.7 | D11: There are hand wash posters at each hand wash sink (not in Adults rooms).
C12: 7.8 | D12: Staff know about the 5 moments of hand hygiene. (Randomly question members of staff)
C13: 7.9 | D13: Staff are audited on hand hygiene monthly until 100% then 6 monthly onwards. (Ensure records are available)
C14: Score | E14: =SUM(COUNTIF(E5:E13,{"yes","na"})) -> 0
C15: Overall % | E15: =E14/9 -> 0

Sheet 8
A1: Overview & Scores
C3: 8. Personal Protective Equipment
C4: Section | D4: Criteria | E4: Yes / No / NA | F4: Comments
C5: 8.1 | D5: There is a policy on the use of Personal Protective Equipment.
C6: 8.2 | D6: All staff have access to approved protective clothing as needed. (e.g. gloves and aprons)
C7: 8.3 | D7: Gloves and aprons are not carried in uniform pockets. (Must be stored appropriately and readily available)
C8: 8.4 | D8: Staff wear and change protective clothing appropriately. (i.e. between different tasks on same client when dealing with bodily fluids)
C9: 8.5 | D9: Staff do not wear PPE inappropriately (i.e. in corridors, offices etc.)
C10: 8.6 | D10: Sterile and non-sterile gloves conform to European Standards (are vinyl and latex free) and there are an appropriate range of glove sizes available.
C11: 8.7 | D11: All PPE is disposed of as clinical/offensive waste.
C12: 8.8 | D12: Blue gloves and aprons are used for catering purposes only.
C13: Score | E13: =SUM(COUNTIF(E5:E12,{"yes","na"})) -> 0
C14: Overall % | E14: =E13/8 -> 0

Sheet 9
A1: Overview & Scores
C3: 9. Management of Sharps
C4: Section | D4: Criteria | E4: Yes / No / NA | F4: Comments
C5: 9.1 | D5: There is a written procedure for the management of sharps, and for the management of needle stick injury.
C6: 9.2 | D6: All sharps devices are compliant with EU legislation on safe sharps or risk assessment is in place.
C7: 9.3 | D7: Staff are aware of first aid measures in event of needle stick injury or exposure to blood or body fluids.
C8: 9.4 | D8: Sharps containers are of approved design and CE marked.
C9: 9.5 | D9: Sharps containers are assembled correctly, are signed and dated when assembled, and when permanently locked.
C10: 9.6 | D10: Sharps containers are disposed of every 3 months.
C11: 9.7 | D11: Sharps containers are no more than ¾ full.
C12: 9.8 | D12: The temporary closure mechanism is used when the sharps containers are not in use.
C13: 9.9 | D13: The sharps container does not contain in any inappropriate items such as cotton wool, packaging etc.
C14: 9.1 | D14: Sharps containers are used at point of practice.
C15: 9.11 | D15: Locked/full sharps containers are locked in a designated waste storage area. (Not in treatment room)
C16: Score | E16: =SUM(COUNTIF(E5:E15,{"yes","na"})) -> 0
C17: Overall % | E17: =E16/11 -> 0

Sheet 10
A1: Overview & Scores
C3: 10. Management of Blood and Body Fluid Spills
C4: Section | D4: Criteria | E4: Yes / No / NA | F4: Comments
C5: 10.1 | D5: There is a written procedure in place for the management of blood and body fluid spillages.
C6: 10.2 | D6: There is a steam cleaner available for enhanced cleaning of body fluid spills.
C7: 10.3 | D7: Dedicated spillage kits are available for the decontamination of blood and body fluid spillages and staff are aware of the location of kits.
C8: 10.4 | D8: There is a policy/ guidelines on collection, storage and transport of laboratory specimens.
C9: 10.5 | D9: There are leak proof containers for clinical specimens.
C10: 10.6 | D10: Request forms are placed separately in the pockets of transport bags.
C11: 10.7 | D11: Specimens are stored safely prior to collection in a solid sided tray or container.
C12: 10.8 | D12: There are arrangements for the safe transport of specimens to the hospital. (Either by approved arrangements with Royal Mail or via a courier)
C13: 10.9 | D13: Appropriate PPE is worn when spillages are being cleared.
C14: 10.1 | D14: Specimens of blood and body fluids are disposed of correctly and not down hand wash basins.
C15: Score | E15: =SUM(COUNTIF(E5:E14,{"yes","na"})) -> 0
C16: Overall % | E16: =E15/10 -> 0

Sheet 11
A1: Overview & Scores
C3: 11. Decontamination of Equipment
C4: Section | D4: Criteria | E4: Yes / No / NA | F4: Comments
C5: 11.1 | D5: All equipment is decontaminated appropriately between each use. (e.g. hoists, wheelchairs commodes etc. Make sure to check a selection of items)
C6: 11.2 | D6: Medical devices, such as blood monitoring machines, feeding pumps etc. are cleaned appropriately, according to manufacturers guidance, and are visibly clean and free of dust, dirt, and debris.
C7: 11.3 | D7: All clients requiring hoisting have there own personal sling which is labelled and washed appropriately.
C8: 11.4 | D8: There is a cleaning program for decontamination of residents personal mobility equipment, such as wheelchairs/walking aids etc. As well as audit and monitoring system in place. (Check records available)
C9: 11.5 | D9: All staff are aware of symbol for single use only. (Randomly question members of staff)
C10: 11.6 | D10: Mattress audits are being completed and records are available.
C11: 11.7 | D11: There is no evidence that single use items are being reused. (e.g. appropriate syringes used for enteral feeding etc)
C12: 11.8 | D12: Rooms are deep cleaned following outbreak, if the Adult is infected with Clostridium difficile, or if the room is vacated.
C13: Score | E13: =SUM(COUNTIF(E5:E12,{"yes","na"})) -> 0
C14: Overall % | E14: =E13/8 -> 0

Sheet 12
A1: Overview & Scores
C3: 12. Management of Laundry
C4: Section | D4: Criteria | E4: Yes / No / NA | F4: Comments
C5: 12.1 | D5: Staff have access to a Laundry Policy.
C6: 12.2 | D6: There are arrangements for laundering of supported Adults clothing, and linen.
C7: 12.3 | D7: There is a Dirty to Clean flow of linen through the laundry.
C8: 12.4 | D8: Linen and Adults clothing is visibly clean.
C9: 12.5 | D9: Staff responsible for the handling and management of linen have received appropriate training.
C10: 12.6 | D10: PPE is used appropriately when handling linen in the laundry.
C11: 12.7 | D11: Soiled linen should be placed in red alginate bags which dissolve completely during wash.
C12: 12.8 | D12: Soiled linen which is bagged is taken straight to the laundry.
C13: 12.9 | D13: Clean linen is stored in a clean, dry enclosed storage and is protected from dust and contamination.
C14: 12.1 | D14: There is a programme for maintenance and validation of on-site washing machines. (At least annually)
C15: 12.11 | D15: Washing machines have sufficient capacity to launder efficiently.
C16: 12.12 | D16: Used, soiled, and foul linen are laundered as per policy (i.e. separately, at correct temperature)
... C18: 12.14 | D18: The laundry room is seen to be clean, tidy, and fit for purpose.
C19: Score | E19: =SUM(COUNTIF(E5:E18,{"yes","na"})) -> 0
C20: Overall % | E20: =E19/14 -> 0

Sheet 13
A1: Overview & Scores
C3: 13. Waste Management
C4: Section | D4: Criteria | E4: Yes / No / NA | F4: Comments
C5: 13.1 | D5: There is a Waste Policy available.
C6: 13.2 | D6: There is a Household Waste bin with liner in each Adult's room.
C7: 13.3 | D7: Clinical/Offensive waste is collected by a registered waste carrier. (Ensure records are available if required)
C8: 13.4 | D8: All Clinical Waste bins are foot pedal operated, enclosed, lidded, visibly clean, and in good working order. (Check underside of lid)
C9: 13.5 | D9: There is evidence of waste being correctly segregated into Clinical/Offensive and Household waste, and disposed of in the correct colour bags. (There is signage on display to demonstrate this)
C10: 13.6 | D10: There is a clean, locked and dedicated room for the storage of Clinical/Offensive Waste.
C11: 13.7 | D11: Waste bins are no more than 2/3's full.
C12: Score | E12: =SUM(COUNTIF(E5:E11,{"yes","na"})) -> 0
C13: Overall % | E13: =E12/7 -> 0

Sheet 14
A1: Overview & Scores
C3: 14. Outbreaks
C4: Section | D4: Criteria | E4: Yes / No / NA | F4: Comments
C5: 14.1 | D5: Staff have access to a policy on Outbreak Management, which includes recognition of outbreaks and who to refer to for advice.
C6: 14.2 | D6: ICT are contacted immediately on suspicion outbreak.
C7: 14.3 | D7: Staff know procedures to implement in the event of an outbreak of diarrhoea and vomiting. (Randomly question members of staff)
C8: 14.4 | D8: There are arrangements in place to ensure there are additional supplies of PPE available during outbreaks.
C9: 14.5 | D9: Enhanced cleaning is implemented in the event of an outbreak using appropriate solution of hypochlorite (e.g. sterilising fluid).
C10: 14.6 | D10: Bristol Stool Chart is used and only type 5 -7 specimens are sent for analysis with ilog number.
C11: 14.7 | D11: The list of those affected is updated daily and faxed to the ICT.
C12: 14.8 | D12: The home is deep cleaned following 48 hours clear of symptoms. (Including walls, curtains, carpets and soft furnishings)
C13: Score | E13: =SUM(COUNTIF(E5:E12,{"yes","na"})) -> 0
C14: Overall % | E14: =E13/8 -> 0

Sheet Validation
A1: Section 1: Management
A2: Section 2: Environmental Cleaning
A3: Section 3: Sluice
A4: Section 4: Medication Room
A5: Section 5: Bedrooms
A6: Section 6: Bathrooms
A7: Section 7: Hand Hygiene
A8: Section 8: Personal Protective Equipment
A9: Section 9: Sharps Management
A10: Section 10: Blood and Body fluids
A11: Section 11: Decontamination
A12: Section 12: Management of Laundry
... A17: No

Sheet Action Plan
A1: Overview & Scores
B2: Infection Control Audit Action Plan
I4: Review of Actions Taken
B5: Area of Action Required | C5: Details of what has been Identified? | D5: Date Identified | E5: Detail of Action Required | F5: Responsible Person | G5: Target Completion Date | H5: Date Action Completed | I5: Was Improvement Seen Following Action? (Y/N) | J5: Details of results seen following action: | K5: Was further action required? (Y/N) (If Y, detail in new row) | L5: Date Action Reviewed

Sheet References
A1: Council Directive 2010/32/EU (2010) Implementing the framework agreement on prevention from sharps injuries in the hospital and health care sector.
A2: eur-lex.europa.eu/legal-content/EN/TXT/?uri=celex%3A32010L0032.
A4: The Health and Social Care Act 2008: The code of practice on the prevention and control of infections and related guidance. (Department of Health, 2010)
A6: Prevention and Control of Infection in Care Homes (Department of Health (2013)
A8: New Healthcare workers: clearance for Hepatitis B and C, TB HIV. (Department of Health, 2007)
A10: Infection control in the built environment (HBN 00-09) (Department of Health 2013)
A12: Design for flooring, walls, ceilings, sanitary ware and windows (HBN 00-10) part A (Department of Health, 2013)
A14: Health Building Note 00-10 Part B: Walls and ceilings (Department of Health, 2013)
A16: Health Building Note 00-10 Part C: Sanitary Assemblies (Department of Health, 2013)
A18: HTM 07-01 Safe management of health care waste (edition 2) (Department of Health, 2011)
A20: Health Technical Memorandum 04-01 Part A. The control of Legionella, hygiene, “safe” hot water, cold-water and drinking water systems: design, installation and testing. (Department of 2006).
A22: Health Technical Memorandum 04-01 Part B. The control of Legionella, hygiene, “safe” hot water, cold-water and drinking water systems: operational management. (Department of Health, 2006).
... A63: Blood Borne Viruses in healthcare workers: report exposures and reduce risk (PHE, 2012)
